id,tweets,likes,time,retweets
1464979114058788871,A tribute to Sir Frank Williams.,24131,2021-11-28 15:26:53+00:00,1106
1464953473624117260,Under the lights again next week! ğŸ¤©ğŸŒŒ https://t.co/p88X0lK9gP,5463,2021-11-28 13:45:00+00:00,212
1464915101211930625,Sunday morning drives in November... ğŸ˜ğŸ‚ https://t.co/XXYO03z66R,7762,2021-11-28 11:12:31+00:00,266
1464913065539997696,"@life_of_niksi @SketchARama @danielricciardo Happy birthday, Nikki! ğŸ¥³ Hope you have the best day. ğŸ§¡",31,2021-11-28 11:04:26+00:00,1
1464692215213604865,Off road. ğŸ‘Œ Fun in @McLarenXE testing this weekend! https://t.co/VSSjKAre6w,5166,2021-11-27 20:26:51+00:00,137
1464536854712225798,"RT @IAmAutomobilist: All your favourite drivers in their ""McLaren"" best.  @LandoNorris @danielricciardo @ayrtonsenna #JamesHunt 

This Blacâ€¦",0,2021-11-27 10:09:30+00:00,17
1464263237118173190,The wholesome content we all needed to see.ğŸ˜ğŸ¶ https://t.co/7OaiwuCOPH,29996,2021-11-26 16:02:15+00:00,2225
1464202505039097859,"Very sneaky, @DanielRicciardo! ğŸ‘€ He first visited the McLaren Technology Centre in 2015, here's why... @PartyCasino",4240,2021-11-26 12:00:55+00:00,143
1464176137949659152,Riding down the boulevard.ğŸ˜‚ğŸµ @LandoNorris https://t.co/gjrOLXuiH4,16921,2021-11-26 10:16:09+00:00,1015
1463923504160681987,"Take a tour with @DanielRicciardo around some of the incredible @GulfOilIntl livery McLaren cars at Rofgo Park! ğŸ‘€

Watch the full video now, exclusively on the McLaren App. ğŸ‘‡",3111,2021-11-25 17:32:16+00:00,155
1463920421695377408,Lights. Camera. Action. ğŸ¬ https://t.co/IFpWjh5dib,9582,2021-11-25 17:20:01+00:00,378
1463916065344397321,A man who is sat extremely comfortably in his 720S. ğŸ¤£ğŸ¶ @danielricciardo https://t.co/SmM4oNPwPT,6721,2021-11-25 17:02:42+00:00,307
1463910967826341891,Ask and you shall receive. ğŸ’ https://t.co/yx96wqQe6d https://t.co/Z87kS9Ocnz,2456,2021-11-25 16:42:27+00:00,76
1463908712519815170,"Nothing quite like a good brew on set. â˜•ï¸ğŸ˜… (And heâ€™s in good company!)

@DanielRicciardo stopped by Rofgo Park with @GulfOilIntl today. ğŸ¬ https://t.co/7aSclm1mxv",3813,2021-11-25 16:33:29+00:00,158
1463905451515523083,CLEARANCE SALE! Shop the McLaren Store now for 50% off. ğŸ¤©,2006,2021-11-25 16:20:32+00:00,57
1463881613981401097,Wishing our US fans and colleagues a Happy Thanksgiving! ğŸ§¡ https://t.co/pZPgB6mgTh,2004,2021-11-25 14:45:49+00:00,52
1463876123322900484,@WilliamsRacing @F1 This is what George was listening to. ğŸ˜ https://t.co/Z4qZaW2iM1,2947,2021-11-25 14:23:59+00:00,149
1463858760292569095,"Fancy a round of golf, David? â›³ï¸ğŸ¤” 

Watch new #McLarenUnboxed from the #QatarGP now! ğŸ‘‡",2775,2021-11-25 13:15:00+00:00,84
1463844060020588551,What a day! ğŸ¤© @JensonButton ğŸ‘ https://t.co/v7mrCWxuSx,7486,2021-11-25 12:16:35+00:00,282
1463828429501964292,"#OnThisDay in 2012, @JensonButton won the Brazilian Grand Prix. Almost nine years later, @DanielRicciardo won in Monza. We've had some highs and some lows, but we never give up.ğŸ§¡ https://t.co/RjV2rbJosr",4154,2021-11-25 11:14:28+00:00,265
1463622873399111684,"No suspicious behaviour on the golf course to see hereâ€¦ ğŸ‘€â›³ï¸ @LandoNorris 

#McLarenUnboxed https://t.co/87PAWmNU4D",6329,2021-11-24 21:37:40+00:00,315
1463603380622970890,"#SendIt, @McLarenShadow! ğŸ‘Š

#ShadowRaceWatch https://t.co/67GCVEg23I",1475,2021-11-24 20:20:13+00:00,32
1463574822055780358,"Welcome to a new show we're calling 'Lando reviews jeans in the paddock.' ğŸ¤£ğŸ‘–

We're just kidding, but the latest #McLarenUnboxed episode is here! Enjoy. ğŸ‘‡",4529,2021-11-24 18:26:44+00:00,198
1463566695918968834,"I'll show you mine and you show me yours? ğŸ¤£

When Becks met @ZBrownCEO, plus much more from a new #McLarenUnboxed episode dropping soon. ğŸ¿ https://t.co/lcWB4ys0Hk",3699,2021-11-24 17:54:26+00:00,97
1463530347006599169,Our @McLarenXE launch car has found it's new home in the MTC boulevard. ğŸ˜ https://t.co/XZGvAZkvRT,5759,2021-11-24 15:30:00+00:00,180
1463457798709293057,"That foodâ€¦ ğŸ¤¤ğŸ½ This is what @DanielRicciardo eats in a day.

See more videos like this and learn more about the inner workings of the team by joining us on TikTok. ğŸ“±ğŸ‘‡",4699,2021-11-24 10:41:43+00:00,159
1463205906984878100,"Bringing you out of the dark and into the light! #TheFifthDriver has answered your questions. âœ¨

Check out all the McLaren questions and answers from the #QatarGP here.ğŸ‘‡",2220,2021-11-23 18:00:47+00:00,55
1463192446049914883,One lap of the trackâ€¦ which are you choosing? ğŸ‘€ https://t.co/44RkH3coX9,25297,2021-11-23 17:07:18+00:00,887
1463158213889728527,@LBunste @f1mclarenfan ğŸ§¡,3,2021-11-23 14:51:17+00:00,0
1463158123401826304,@GingeCol17 @f1mclarenfan We're giving it everything.,10,2021-11-23 14:50:55+00:00,0
1463157949879271441,"@f1mclarenfan The love in this thread. ğŸ§¡ğŸ¥² Thanks, team.

#FansLikeNoOther",261,2021-11-23 14:50:14+00:00,7
1463127401618096129,@flowapenaar Itâ€™s good to be back! ğŸ§¡,2,2021-11-23 12:48:50+00:00,0
1463127354239295491,"@mvltividsx Thank you, Chia! ğŸ§¡",23,2021-11-23 12:48:39+00:00,0
1463127238501715975,"@F1lippos Itâ€™s such an amazing place, Filippos! ğŸ˜ğŸ§¡",50,2021-11-23 12:48:11+00:00,0
1463117706308292612,Weâ€™re home. ğŸ ğŸ§¡ https://t.co/bEDDejy3bZ,11743,2021-11-23 12:10:19+00:00,322
1463109256048173060,"@SimonGBrooks It certainly is, Simon! ğŸ§¡",17,2021-11-23 11:36:44+00:00,0
1463109182991876102,@spoodeythiera We have the best fans! ğŸ§¡,52,2021-11-23 11:36:27+00:00,2
1463108903282036745,"@Mr_Stigga Thank you, Steven! ğŸ§¡",4,2021-11-23 11:35:20+00:00,0
1463084916925624321,We'll never give up! ğŸ‘Š @DanielRicciardo https://t.co/V457vma8eb,10752,2021-11-23 10:00:01+00:00,276
1462871750136500234,"We have two more races in our desert trilogy, but until then, here's what social media made of the #QatarGP. ğŸ‡¶ğŸ‡¦ğŸ‘‡",3751,2021-11-22 19:52:58+00:00,109
1462858966992568322,@DellTech Danielâ€™s looking a little different. ğŸ¤”,40,2021-11-22 19:02:10+00:00,1
1462802168638025735,"@Ann0306 @LandoNorris @danielricciardo Thank you, Ann-Marie! #FansLikeNoOther ğŸ§¡",9,2021-11-22 15:16:29+00:00,0
1462792808931209223,"@staples_2001 @LandoNorris @danielricciardo Thank you, Hannah! Weâ€™ll come back stronger. ğŸ’ªğŸ§¡",10,2021-11-22 14:39:17+00:00,1
1462791890538012675,"@SJG1007 @LandoNorris @danielricciardo Thank you, Sarah! ğŸ§¡ Weâ€™ll come back stronger.",33,2021-11-22 14:35:38+00:00,1
1462791498945204227,"@debbienando14 @LandoNorris @danielricciardo Thank you, Debbie! ğŸ§¡ #FansLikeNoOther",12,2021-11-22 14:34:05+00:00,1
1462779130773135366,"The ğŸ§¡ for these two. Thank you for your ongoing support, McLaren fans. 

#FansLikeNoOther https://t.co/1O4j0UyT1T",7151,2021-11-22 13:44:56+00:00,314
1462771630325784579,"#QatarGP wallpapers are here! ğŸ‡¶ğŸ‡¦ 

More sizes available.ğŸ‘‰ https://t.co/f6bFb1irUq https://t.co/NbW0tjDnMl",4052,2021-11-22 13:15:08+00:00,191
1462751264786333696,"@Sareyware Happy Birthday, Sarah! ğŸ¥³ğŸ§¡",22,2021-11-22 11:54:12+00:00,0
1462746991927209987,"David, did we get your approval? ğŸ‘Œ https://t.co/VCDh3i6GJa",13913,2021-11-22 11:37:14+00:00,502
1462663285493407744,"Thank you, Qatar. ğŸ§¡

#QatarGP ğŸ‡¶ğŸ‡¦ https://t.co/fcmvQJAgRI",7402,2021-11-22 06:04:36+00:00,158
1462632134406033417,"A message from @DanielRicciardo to you, McLaren fans. ğŸ§¡ğŸ‡¶ğŸ‡¦ 

#FansLikeNoOther https://t.co/BKOBRpFenF",6874,2021-11-22 04:00:49+00:00,281
1462511347808313347,"Disappointing result, but the pace was there. ğŸ‘Š 

Hear from @LandoNorris after the #QatarGP. ğŸ‡¶ğŸ‡¦ https://t.co/uUd7lo4UYO",7178,2021-11-21 20:00:52+00:00,330
1462486159074996233,"""We'll go home now, reset, take a weekend off and try to finish the season on a high.""

Today just wasn't our day. ğŸ‘‡

#QatarGP ğŸ‡¶ğŸ‡¦",4731,2021-11-21 18:20:46+00:00,153
1462482333823549450,RT @ZBrownCEO: When it rains it poursâ€¦ our streak of poor runs and bad luck continued in Qatar today. Disappointing result with Lando in P9â€¦,0,2021-11-21 18:05:34+00:00,204
1462456268535353351,"Head up, @LandoNorris. 

Be proud of that drive. You gave it everything. ğŸ§¡

#QatarGP ğŸ‡¶ğŸ‡¦ https://t.co/8RRIZ9E8qJ",23110,2021-11-21 16:22:00+00:00,838
1462448325114961922,"Chequered flag in Qatar. ğŸ‡¶ğŸ‡¦ğŸ

Not how the team wanted it to end with Lando suffering from a puncture which forced him to stop for a second time. 

NOR ğŸ‡¬ğŸ‡§ P9
RIC ğŸ‡¦ğŸ‡º P12

#QatarGP https://t.co/wSnCn4wL7J",4078,2021-11-21 15:50:26+00:00,175
1462442974365863948,That one hurt.,30214,2021-11-21 15:29:10+00:00,1372
1462441949395402763,"VSC with two laps to go.

#QatarGP ğŸ‡¶ğŸ‡¦",2280,2021-11-21 15:25:06+00:00,50
1462435828282671109,"Racing through the night. ğŸŒ™ 

Full of action so far at the #QatarGP and this oneâ€™s far from over. ğŸ‡¶ğŸ‡¦ 

NOR ğŸ‡¬ğŸ‡§ P5
RIC ğŸ‡¦ğŸ‡º P12

[Lap 39/57] https://t.co/aFzf2K7bb3",2130,2021-11-21 15:00:46+00:00,81
1462432063609614346,"Daniel follows him in and itâ€™s another slick stop by the team. 

Both cars are now on the Hard tyre.

#QatarGP ğŸ‡¶ğŸ‡¦ https://t.co/QWWvgZoYR0",1047,2021-11-21 14:45:49+00:00,26
1462431509391065094,"Itâ€™s a blur. âœ¨ 

Nice stop, team. Lando pits for the Hard tyre.

#QatarGP ğŸ‡¶ğŸ‡¦ [Lap 26/57] https://t.co/Bnc4dN0YJB",2912,2021-11-21 14:43:37+00:00,96
1462426757861150724,"Someone forgot their pit-stop kit. ğŸ˜…

#QatarGP ğŸ‡¶ğŸ‡¦ https://t.co/8P79p1Tegd",9257,2021-11-21 14:24:44+00:00,255
1462426195920883722,"Sweet move, Lando. Letâ€™s go! ğŸ‘ 

Classy overtake on GAS to slot into P4.

#QatarGP ğŸ‡¶ğŸ‡¦ [Lap 13/57]",3665,2021-11-21 14:22:30+00:00,155
1462422046642745355,"Lights out as David watches on from the garage. ğŸ™Œ

#QatarGP ğŸ‡¶ğŸ‡¦ https://t.co/yGDCAh6Fmz",5919,2021-11-21 14:06:01+00:00,253
1462420307919130628,"We're about to go racing under the lights in Qatar! ğŸ‡¶ğŸ‡¦âœ¨

Stay close to the action!ğŸ‘‡",1966,2021-11-21 13:59:06+00:00,75
1462419353106845702,"Admin says no cameras please, @Pirlo_official. ğŸ˜…ğŸ˜‚

#QatarGP ğŸ‡¶ğŸ‡¦ https://t.co/3wr0orlA54",8474,2021-11-21 13:55:18+00:00,317
1462418849140252673,"Less than 10 minutes to go, team.

#QatarGP ğŸ‡¶ğŸ‡¦ https://t.co/e5OiLvwKz5",3360,2021-11-21 13:53:18+00:00,142
1462417928423362564,"To the grid. ğŸ’ª 

Ready for you to #SendIt, @LandoNorris. 

#QatarGP ğŸ‡¶ğŸ‡¦ https://t.co/caR1C4ac1f",3300,2021-11-21 13:49:39+00:00,151
1462417328461815812,"@Pengxiao_Wu Full send, Frank! ğŸ§¡",11,2021-11-21 13:47:16+00:00,0
1462417254402904074,RT @Pengxiao_Wu: @McLarenF1 Let's #SendIt in style team!ğŸ’ªğŸ§¡ https://t.co/T8SqKV49Qy,0,2021-11-21 13:46:58+00:00,5
1462417172026867714,"The time has come. ğŸ™Œ

#QatarGP ğŸ‡¶ğŸ‡¦ https://t.co/A67mSsXlzb",4570,2021-11-21 13:46:38+00:00,146
1462416885983678472,"@DR3Lau @LandoNorris Letâ€™s do it, Lau! ğŸ§¡",14,2021-11-21 13:45:30+00:00,0
1462416767897198592,RT @DR3Lau: Letâ€™s gooo team! Go get that podium ğŸ‘ŠğŸ»ğŸ§¡ @McLarenF1 @LandoNorris #FansLikeNoOther #SendIt https://t.co/WwLtEsEen0,0,2021-11-21 13:45:02+00:00,8
1462416692613685251,RT @sanjana_bhatt: Full send today @McLarenF1! Letâ€™s gooo ğŸ§¡ğŸ§¡ğŸ§¡ #QatarGP #FansLikeNoOther #tracktv https://t.co/1dv0j6PGYU,0,2021-11-21 13:44:44+00:00,9
1462410654153908230,"@BonzoKEN Hereâ€™s to many more, Kenny! ğŸ§¡",4,2021-11-21 13:20:44+00:00,0
1462410368588959752,@debbienando14 Wishing your son a very happy 22nd birthday! ğŸ¥³ğŸ§¡,6,2021-11-21 13:19:36+00:00,0
1462410335659474949,"Itâ€™s official, @LandoNorris is now a free kick expert. âš½ï¸ğŸ¯

Thanks for stopping by, David. ğŸ‘‹

#QatarGP ğŸ‡¶ğŸ‡¦ https://t.co/LCcwwVQx5M",14603,2021-11-21 13:19:28+00:00,556
1462403498163777536,"Some things change, some stay the same. 

#FearlesslyForward https://t.co/iclvjJv2BX",5012,2021-11-21 12:52:18+00:00,411
1462397059483455493,"@sanjana_bhatt Great pictures, Sanjana! Enjoy the race! ğŸ§¡",19,2021-11-21 12:26:43+00:00,0
1462396838099791875,"@_niya4real_ So ready, Niya! ğŸ§¡",26,2021-11-21 12:25:50+00:00,0
1462396735884611585,"@cropsnotfound Thatâ€™s what we like to hear, Karen! ğŸ§¡",9,2021-11-21 12:25:26+00:00,0
1462396516514078721,"@landonorrisvids This is amazing, Lili! ğŸ§¡",215,2021-11-21 12:24:34+00:00,4
1462396231334961153,"@debbienando14 Enjoy the race, Debbie! ğŸ§¡",15,2021-11-21 12:23:26+00:00,0
1462396034676662275,"@GMM1702 What an incredible milestone for us, Gino! ğŸ§¡",42,2021-11-21 12:22:39+00:00,0
1462395623349628934,"@Kel_b08 Thank you, Kelly! What a milestone! ğŸ§¡",7,2021-11-21 12:21:01+00:00,0
1462387597188161541,"Ready for more of the same, @LandoNorris. ğŸ‘ 

#QatarGP ğŸ‡¶ğŸ‡¦ 
https://t.co/dYA84AVfsR",8659,2021-11-21 11:49:07+00:00,310
1462370982493138946,"@LeonieMoee We canâ€™t wait to see you there, Leonie! Itâ€™s a great day out!  ğŸ§¡",12,2021-11-21 10:43:06+00:00,0
1462370766603890691,@beraydt Thatâ€™s so cool! Thank you for sharing this this with us! ğŸ§¡,5,2021-11-21 10:42:14+00:00,1
1462370599234416641,"@ErinNormal Itâ€™s been a busy few weeks, Erin! Thank you for being there to support us through it all!  ğŸ§¡",7,2021-11-21 10:41:35+00:00,0
1462370263786569730,@Louisxsun28 That looks epic! ğŸ§¡,20,2021-11-21 10:40:15+00:00,1
1462370169502765057,"@ariadna3_ Itâ€™s been a busy few weeks, Ari! ğŸ§¡",6,2021-11-21 10:39:52+00:00,1
1462369185854545926,@McLarenfansSerb Thank you for your support over the years! What a milestone! ğŸ§¡,14,2021-11-21 10:35:58+00:00,1
1462369008775270404,"@AndyRobinson100 We love it, Andy! ğŸ§¡",9,2021-11-21 10:35:15+00:00,0
1462368804575580165,"@formulannika Letâ€™s do it, Annika! ğŸ§¡",12,2021-11-21 10:34:27+00:00,0
1462368645988892676,"@GBrown84 Weâ€™ve loved seeing the car on track under the lights this week, Gemma! ğŸ§¡",2,2021-11-21 10:33:49+00:00,0
1462365060886675460,"Today, we race for the third consecutive Sunday. ğŸ’ª

The feeling never gets old. ğŸ§¡ 

#QatarGP ğŸ‡¶ğŸ‡¦ https://t.co/xWOuX86We6",4692,2021-11-21 10:19:34+00:00,164
1462363019741179907,"@shorrai An early start then, Susan! ğŸ§¡",1,2021-11-21 10:11:27+00:00,0
1462362862106595329,@hygienistdirect Thatâ€™s a beautiful shot! ğŸ§¡,5,2021-11-21 10:10:50+00:00,0
1462362750747824129,"@thewomanlikeme Have a great day, Eva! ğŸ§¡",17,2021-11-21 10:10:23+00:00,1
1462362639481421828,"@f1mclarenfan Weâ€™ve been loving the shots under the lights, Owen! ğŸ˜ğŸ§¡",44,2021-11-21 10:09:57+00:00,1
1462362225021267973,"@F1girlClara Letâ€™s do it, Clara! ğŸ§¡",2,2021-11-21 10:08:18+00:00,0
1462362043303014400,@McLarenFamily Weâ€™ve missed you! ğŸ§¡,78,2021-11-21 10:07:35+00:00,2
1462360143706959875,"@Andreadn34 This is a lovely video, thank you! We hope to see you in Australia again next season. Fans like no other! ğŸ§¡",23,2021-11-21 10:00:02+00:00,0
1462359508517273605,"@zoexdouglas Enjoy the race, Zoe! ğŸ§¡",8,2021-11-21 09:57:30+00:00,2
1462359252983595012,"@alo_samurai Thank you, Taku! ğŸ§¡",1,2021-11-21 09:56:29+00:00,0
1462355287772483592,"Your #QatarGP timings for today. ğŸŒ

Are you ready, McLaren fans? ğŸ§¡

@Richard_Mille https://t.co/6GLllllQIX",2639,2021-11-21 09:40:44+00:00,104
1462124763866873857,"Mixed feelings amongst the team after Qualifying at the #QatarGP, but we keep working and keep smiling. ğŸ‘ŠğŸ‡¶ğŸ‡¦

Hear from Lando and Daniel. ğŸ‘‡",3090,2021-11-20 18:24:43+00:00,100
1462103632078331905,@LandoNorris :),5508,2021-11-20 17:00:45+00:00,74
1462103501870350353,RT @LandoNorris: Very happy with my lap today! Up there where we need to be. Full focus on tomorrow,0,2021-11-20 17:00:14+00:00,1171
1462074447528136707,"The curtain falls on a mixed Qualifying for the team at the #QatarGP. ğŸ‡¶ğŸ‡¦ 

NOR ğŸ‡¬ğŸ‡§ P6
RIC ğŸ‡¦ğŸ‡º P14

Weâ€™ll keep chipping away. ğŸ‘Š https://t.co/7AxUz1YOcq",5216,2021-11-20 15:04:46+00:00,272
1462073891954769921,"Solid lap, @LandoNorris. ğŸ‘ 

NOR &gt; Pit ğŸ“» â€œYeah baby, thatâ€™s what Iâ€™m talking about.â€ 

Lando takes P6 ahead of both Ferraris. 

#QatarGP ğŸ‡¶ğŸ‡¦",8600,2021-11-20 15:02:34+00:00,404
1462070842599354369,"Fuelled up for Q3. ğŸ‘Š

Letâ€™s give it everything, @LandoNorris! 

#QatarGP ğŸ‡¶ğŸ‡¦ #SendIt https://t.co/0tKyvXMkC2",3029,2021-11-20 14:50:27+00:00,114
1462069329592258561,DR will line up next to LEC tomorrow as we race wheel to wheel with @ScuderiaFerrari once again. ğŸ¤,2308,2021-11-20 14:44:26+00:00,60
1462068986493997060,"Lando makes it through to Q3.

Unfortunately, Daniel is knocked out after his time leaves him in P14.

#QatarGP ğŸ‡¶ğŸ‡¦ https://t.co/zmv0MS938J",4887,2021-11-20 14:43:04+00:00,144
1462065403614699529,"The clock is ticking. ğŸ•° 

Q2 laps on the way. ğŸ’¨

#QatarGP ğŸ‡¶ğŸ‡¦ https://t.co/zdmei3Fq20",1839,2021-11-20 14:28:50+00:00,79
1462064074519416841,"Lando and Daniel are through to Q2. ğŸ‘Š 

Letâ€™s go one step further, team.

#QatarGP ğŸ‡¶ğŸ‡¦",3643,2021-11-20 14:23:33+00:00,90
1462062814563119107,Lando to box this lap. ğŸ‘Š,710,2021-11-20 14:18:33+00:00,10
1462062613056131072,"Heading out together. ğŸ¤ 

Time for a second run in Q1. 

#QatarGP ğŸ‡¶ğŸ‡¦ https://t.co/po4QSop3d0",2048,2021-11-20 14:17:45+00:00,66
1462059858199461897,"Lando and Daniel hit the track as the team watch on. ğŸ‘€ 

#QatarGP ğŸ‡¶ğŸ‡¦ https://t.co/xRUSEcfXhk",3257,2021-11-20 14:06:48+00:00,99
1462059215686705163,"The clock is ticking as Q1 begins.

The team remain poised and ready. ğŸ‘Š

#QatarGP ğŸ‡¶ğŸ‡¦ https://t.co/fw1ibNtEl0",2034,2021-11-20 14:04:15+00:00,65
1462056221943414798,"Time to shine under the lights at the #QatarGP! ğŸ‡¶ğŸ‡¦ 

Keep up with the latest from Qualifying. ğŸ‘‡",1875,2021-11-20 13:52:21+00:00,78
1462032799368630274,"Shining bright. âœ¨ 

#QatarGP ğŸ‡¶ğŸ‡¦ https://t.co/miG0m3hcz2",7964,2021-11-20 12:19:17+00:00,249
1462029490121580547,"Practice complete at the #QatarGP. ğŸ‡¶ğŸ‡¦âœ… 

Danielâ€™s session ends with him in P11, while Lando is in P13.

Letâ€™s make a step in Quali! ğŸ’ª https://t.co/mYusjtug4W",2367,2021-11-20 12:06:08+00:00,76
1462028063752007681,"Last chance at some laps for Daniel and Lando with FP3 drawing to a close. 

Then, time for Quali! ğŸ™Œ

#QatarGP ğŸ‡¶ğŸ‡¦ https://t.co/bL259aZRrm",2131,2021-11-20 12:00:28+00:00,63
1462019623012941827,"More laps to come for Lando. ğŸ™Œ

#QatarGP ğŸ‡¶ğŸ‡¦ https://t.co/ZxYaSYwXD8",3133,2021-11-20 11:26:55+00:00,81
1462017891105185793,"Daniel leaves the garage.

Time for his opening laps of FP3. ğŸ‘Š

#QatarGP ğŸ‡¶ğŸ‡¦ https://t.co/Wh3WebajGh",1575,2021-11-20 11:20:02+00:00,65
1462017411838885895,"Back to the box, team. 

#QatarGP ğŸ‡¶ğŸ‡¦ https://t.co/QRHwvsF62V",2031,2021-11-20 11:18:08+00:00,59
1462016185503997956,"Out the shadows and into his MCL35M. ğŸ™Œ

Time to hit the track, DR. 

#QatarGP ğŸ‡¶ğŸ‡¦ https://t.co/lI2zTFGSfQ",2630,2021-11-20 11:13:16+00:00,90
1462015637425954818,"Lando heads out for the first time in FP3. ğŸ‘Š 

#QatarGP ğŸ‡¶ğŸ‡¦ https://t.co/3Qi6AzHwBN",2659,2021-11-20 11:11:05+00:00,82
1462013891370758144,"Time to get back in the car for FP3. ğŸ™Œ

#QatarGP ğŸ‡¶ğŸ‡¦ https://t.co/C5GEmICTtC",4695,2021-11-20 11:04:09+00:00,159
1462009290093477891,"The final session of daylight running at the #QatarGP is just around the corner. ğŸ‡¶ğŸ‡¦

Don't miss a thing in FP3. ğŸ‘‡",1667,2021-11-20 10:45:52+00:00,52
1461997747523960833,"Ayrton Senna âœ”ï¸
Fernando Alonso âœ”ï¸
James Hunt âœ”ï¸
John Surtees âœ”ï¸
Kimi RÃ¤ikkÃ¶nen âœ”ï¸

They all raced for McLaren, and theyâ€™re all F1 world champions, but thatâ€™s not all they have in commonâ€¦ ğŸï¸

#QatarGP ğŸ‡¶ğŸ‡¦",2690,2021-11-20 10:00:00+00:00,107
1461981968409706496,"Talented on the golf course and the track? â›³ï¸ 

Find out tomorrow on @SkySportsF1. ğŸ¥ğŸ‡¶ğŸ‡¦ https://t.co/RmqmXsPI34",6931,2021-11-20 08:57:18+00:00,432
1461943302060744707,"More of this today. ğŸ¤©

It never gets old. âœ¨ 

#QatarGP ğŸ‡¶ğŸ‡¦ https://t.co/gD1PmA8Zrm",5011,2021-11-20 06:23:39+00:00,174
1461786343571431436,ğŸ vs. ğŸ¦¡ https://t.co/rpMXK9Bdsv,41716,2021-11-19 19:59:57+00:00,1578
1461769007141380106,"F1 is back under the lights after 236 days. ğŸŒ™

Here's how practice went. ğŸ‘‡

#QatarGP ğŸ‡¶ğŸ‡¦",3080,2021-11-19 18:51:04+00:00,99
1461764003328372739,"Things we all love to seeâ€¦ @JensonButton behind the wheel of a McLaren. ğŸš— @McLarenAuto 

See the full feature this Sunday on @SkySportsF1. ğŸ¥

#QatarGP ğŸ‡¶ğŸ‡¦ https://t.co/mRIsa98ocu",3247,2021-11-19 18:31:11+00:00,126
1461749104485322761,Up close and personal. ğŸ‘€ https://t.co/lByXwiEJm5,12030,2021-11-19 17:31:59+00:00,713
1461740354928095236,"Friday in Qatar. âœ… 

Plenty to build on from here, team. ğŸ‘

#QatarGP ğŸ‡¶ğŸ‡¦ https://t.co/hlgYUKQLIB",5145,2021-11-19 16:57:13+00:00,185
1461735904498827271,"We wonâ€™t be able to miss you in this, @DanielRicciardo. âœ¨ğŸ¤© 

#QatarGP ğŸ‡¶ğŸ‡¦ https://t.co/E3ZMlW7Fbs",18128,2021-11-19 16:39:32+00:00,863
1461735225625649163,ğŸ‘€ https://t.co/1iJuKVwcGH,5305,2021-11-19 16:36:50+00:00,260
1461733083259023362,Whoâ€™s ready for DRâ€™s lid pics? âœ¨ğŸ‘€,6188,2021-11-19 16:28:19+00:00,90
1461725562955874305,"@norrisfriday Happy Birthday, Pri! ğŸ¥³ğŸ§¡",11,2021-11-19 15:58:26+00:00,1
1461724504925908996,"@ainauu Enjoy your time at the track, Aina! ğŸ§¡",15,2021-11-19 15:54:14+00:00,0
1461724109998542878,"@marianapintooo Happy Birthday, Mariana! Have a great day! ğŸ¥³ğŸ§¡",2,2021-11-19 15:52:40+00:00,0
1461721329539895298,"@JHF108 Itâ€™s great to watch isnâ€™t it, Josh? ğŸ§¡",9,2021-11-19 15:41:37+00:00,0
1461712051097776133,"Lando and Daniel finish FP2 to wrap Friday practice in Qatar. ğŸ 

Landoâ€™s time sees him in P5 with Daniel in P14. 

#QatarGP ğŸ‡¶ğŸ‡¦ https://t.co/7lWmKXKRgE",5927,2021-11-19 15:04:44+00:00,221
1461708862130724866,"@lfczahraa @LandoNorris Itâ€™s coming, itâ€™s coming. ğŸ‘€",66,2021-11-19 14:52:04+00:00,1
1461708185585299459,"*Almost* papaya skies. ğŸ§¡

#QatarGP ğŸ‡¶ğŸ‡¦ https://t.co/nORec4ISUR",9630,2021-11-19 14:49:23+00:00,483
1461702825537380357,"Out into the night. ğŸ‘Š 

#QatarGP ğŸ‡¶ğŸ‡¦ https://t.co/6onM2RqoFI",4230,2021-11-19 14:28:05+00:00,120
1461696971136188419,"ALL OF THE LIGHTS. ğŸ¤© 

#QatarGP ğŸ‡¶ğŸ‡¦ https://t.co/bF7VfdpTxF",6107,2021-11-19 14:04:49+00:00,168
1461692451605946372,"Time to get back in the seat for FP2.

Stay tuned. ğŸ‘‡

#QatarGP ğŸ‡¶ğŸ‡¦",2283,2021-11-19 13:46:52+00:00,69
1461687617523789837,"Lights on!ğŸ’¡ 

Dusk is falling at the #QatarGP. ğŸ‡¶ğŸ‡¦ 

Whoâ€™s ready for some night-time track action? Itâ€™s been a while. ğŸŒ™ https://t.co/PcS8WDkQig",2864,2021-11-19 13:27:39+00:00,96
1461682000381755392,"@_emmp_ Looking good, Emma! ğŸ§¡",4,2021-11-19 13:05:20+00:00,0
1461681570813784066,"@catherinebarr_ Happy Birthday, Cat! Have a fantastic day! ğŸ¥³ğŸ§¡",24,2021-11-19 13:03:37+00:00,0
1461676187470774277,"With FP1 complete and FP2 approaching, here's everything you need to know for the #QatarGP! ğŸ‡¶ğŸ‡¦ğŸ‘‡",2298,2021-11-19 12:42:14+00:00,65
1461667964588118019,"This track is @DanielRicciardo approved! ğŸ‘ŒğŸ“»

#QatarGP ğŸ‡¶ğŸ‡¦
 https://t.co/AluPPwquUG",5144,2021-11-19 12:09:33+00:00,250
1461665091884097543,"@elliedoesF1 Thank you for supporting such an amazing cause, Ellie! ğŸ§¡",12,2021-11-19 11:58:08+00:00,1
1461664778011742209,"@SJG1007 Amazing pictures, Sarah! We hope you enjoyed your visit! ğŸ§¡",8,2021-11-19 11:56:54+00:00,0
1461659513149394951,"FP1 is over in Qatar. 

Lando finishes in P10 with Daniel in P11. Learnings to be continued in FP2. ğŸ‘Š 

#QatarGP ğŸ‡¶ğŸ‡¦ https://t.co/q8tXBqOSK3",3044,2021-11-19 11:35:58+00:00,106
1461658399033249802,"Live pit-stop practice. ğŸ™Œ

#QatarGP ğŸ‡¶ğŸ‡¦ https://t.co/WiIL7skx5e",2544,2021-11-19 11:31:33+00:00,85
1461656581490323462,"Lando heads out once more after a brief period in the garage. 

#QatarGP ğŸ‡¶ğŸ‡¦ https://t.co/6KcaqxDnbn",3323,2021-11-19 11:24:19+00:00,86
1461654361193558017,@catherinebarr_ @LandoNorris @danielricciardo Have a great birthday. ğŸ§¡,38,2021-11-19 11:15:30+00:00,0
1461654303903518722,@norrisfriday @LandoNorris @danielricciardo Happy birthday!,29,2021-11-19 11:15:16+00:00,2
1461654239835533317,Lando boxes and steps out the car. https://t.co/bv3wSsZ10D,2150,2021-11-19 11:15:01+00:00,52
1461653980069646336,"The first taste of a dusty new circuit. ğŸ‡¶ğŸ‡¦

Learning together. ğŸ’ª 

#QatarGP https://t.co/MaToVNlsuK",3308,2021-11-19 11:13:59+00:00,87
1461644360991322115,"F1 cars on track in Qatar! ğŸ™Œ

Lando, Daniel and their engineers will get a feel for the Losail International Circuit asphalt for the first time. This should be interesting, team.

Live updates. ğŸ‘‡

#QatarGP ğŸ‡¶ğŸ‡¦",1722,2021-11-19 10:35:46+00:00,59
1461642181828042752,Final preparations. ğŸ§˜â€â™‚ï¸ https://t.co/d5UnKMBc8R,7551,2021-11-19 10:27:06+00:00,184
1461636677580070913,"Supporting @BBCCiN this weekend ahead of tonight's appeal show. ğŸ§¡

#ChildrenInNeed https://t.co/Pa7Gk5XwkE",4316,2021-11-19 10:05:14+00:00,256
1461629201862254594,"This International Menâ€™s Day, weâ€™re supporting @MindCharity to share some information and tips about menâ€™s mental health. ğŸ‘‡

https://t.co/QHGTdOiHCJ https://t.co/E3F9q6obHJ",3406,2021-11-19 09:35:32+00:00,233
1461411456654749701,The nameâ€™s Danielâ€¦ ğŸ‘€ https://t.co/GRtJL1wOk2,24109,2021-11-18 19:10:17+00:00,721
1461400382958186501,"Keeping Danielâ€™s #3 sticker safe in the car, just maybe not on his chinâ€¦ ğŸ¤£3ï¸âƒ£ @LandoNorris 

#McLarenUnboxed https://t.co/A6K58BKhpx",7491,2021-11-18 18:26:17+00:00,385
1461379905258758146,"The need for speed in F1? âš¡ï¸ Of course, but in more ways than one. ğŸ’­

Episode five of @DellTechâ€™s #McLarenSubstituteTeacher is all about network performance and how it makes a difference for us in races! 

Watch on YouTube. ğŸ‘‡",1563,2021-11-18 17:04:55+00:00,62
1461377267465138178,"RT @McLarenShadow: For one night onlyâ€¦ ğŸ¿ğŸ¥

Weâ€™re rolling out the red carpet for 15 of you to join us on Nov 24 in the Shadow Studio at MTCâ€¦",0,2021-11-18 16:54:26+00:00,56
1461360082319392782,@MagnumGlobal @LandoNorris Daniel likes them too! https://t.co/OCjYpsonws,475,2021-11-18 15:46:09+00:00,29
1461357752328982530,"We asked and @MagnumGlobal delivered. ğŸ¦ 

Time to feed the Honey Badger. ğŸ˜‹ https://t.co/v50zf974Yl",9797,2021-11-18 15:36:53+00:00,508
1461356037030645774,Smiles all round. ğŸ¦ğŸ˜ https://t.co/PVkiStpXAg,2341,2021-11-18 15:30:04+00:00,39
1461354843986022400,No caption needed. ğŸ˜‹ @MagnumGlobal https://t.co/cLrvXvep1g,2531,2021-11-18 15:25:20+00:00,39
1461352742350245898,"Wow! Help actually arrived! ğŸ¤© 

Thank you, @MagnumGlobal. ğŸ™Œ https://t.co/BYKIA8ku3H",2978,2021-11-18 15:16:59+00:00,50
1461351550362611717,"@MagnumGlobal @LandoNorris Things we all love to see. ğŸ˜ğŸ‡¶ğŸ‡¦

The team will enjoy these. Thank you! ğŸ§¡ https://t.co/KA1bgv5Hlj",597,2021-11-18 15:12:14+00:00,17
1461346306073391104,"@iigeraldineii One of his worst fears, Geraldine! ğŸ˜°ğŸ§¡",274,2021-11-18 14:51:24+00:00,1
1461345998039498763,"@Blewbery Sound advice, Stewart! ğŸ˜‚ğŸ§¡",110,2021-11-18 14:50:11+00:00,0
1461334338163859463,"We are pleased to announce a new partnership with AI Cloud platform leader, @DataRobot. ğŸ¤

DataRobotâ€™s AI Cloud technology platform will be integrated into our infrastructure, delivering AI-powered predictions and insights to maximise performance and optimise simulations.",2328,2021-11-18 14:03:51+00:00,106
1461323042416644098,What was Daniel saying to Lando here then? ğŸ˜‚ https://t.co/nsqcInJN1m,14529,2021-11-18 13:18:58+00:00,398
1461316411884818436,"A new track for a new grand prix! ğŸ—º 

This weekend thereâ€™s going to be plenty to learn, so why not make a start now? ğŸ‘‡

#QatarGP ğŸ‡¶ğŸ‡¦",1967,2021-11-18 12:52:37+00:00,83
1461304396503990272,"A first look at the main straight. ğŸ‘€ 

#QatarGP ğŸ‡¶ğŸ‡¦ https://t.co/z7QyhmjgeV",5668,2021-11-18 12:04:52+00:00,133
1461282346661912576,"@LewisHamilton's final win as a McLaren driver was #OnThisDay in 2012 at the #USGP.

The race was also our first of many visits to Austin! ğŸ§¡ğŸ‡ºğŸ‡¸ https://t.co/cWIHPFKFKH",3205,2021-11-18 10:37:15+00:00,179
1461267334442758150,"In Brazil, it wasn't just the race team who were wishing @LandoNorris a happy birthday last week... ğŸ¥³

We love this. ğŸ§¡

See more of this in our #BrazilGP episode of #McLarenUnboxed, on YouTube now. ğŸ‘‡",4750,2021-11-18 09:37:36+00:00,219
1461257765381451779,"Send help, @MagnumGlobal. ğŸ¥µğŸ¦",4971,2021-11-18 08:59:34+00:00,52
1461256129124655107,Itâ€™s hot.,18042,2021-11-18 08:53:04+00:00,372
1461247302274797568,"Time to check out a new track, team. ğŸ™Œ

#QatarGP ğŸ‡¶ğŸ‡¦ https://t.co/oKvMfwJjdk",6576,2021-11-18 08:18:00+00:00,161
1461063257750396928,"DR the DJ! ğŸ§ğŸ¶

Watch #McLarenUnboxed from the #BrazilGP now on YouTube.ğŸ‘‡",5661,2021-11-17 20:06:40+00:00,259
1461016444561416204,"19 races down, 3 to go! 

Here's everything you need to know about the #QatarGP this weekend. ğŸ‡¶ğŸ‡¦ğŸ‘‡",3938,2021-11-17 17:00:39+00:00,146
1461011428668760066,"McLaren fans, we're in Qatar this week, a brand new race track for F1!ğŸ‡¶ğŸ‡¦ Tweet your questions to #TheFifthDriver for the chance to have them answered.ğŸ¤”

Questions will be answered on #TEAMStream, and there will be a prize for the best one.ğŸ
ğŸ‘‰ https://t.co/cnJBz9wmGZ

#QatarGP https://t.co/RAAD05qGF3",3440,2021-11-17 16:40:43+00:00,98
1460990832824180740,"Golf or sauna? â›³ï¸ğŸ§–â€â™‚ï¸ How would you choose to re-energise in the middle of a triple-header? 

With the help of their trainers, here's how @LandoNorris and @DanielRicciardo do it. ğŸ‘Š https://t.co/BIgc7xX7La",8264,2021-11-17 15:18:53+00:00,468
1460926632760332292,"RT @McLarenAuto: Track day goals.

#PureMcLaren at Silverstone 

Two legends meet on track - F1 GTR and MP4/23A

Here's a tough one. Whichâ€¦",0,2021-11-17 11:03:46+00:00,86
1460810789145743364,"Break of dawn. ğŸ‘‹ğŸ‡¶ğŸ‡¦ 

#QatarGP @HiltonHonors https://t.co/NmKl9qiu5c",4782,2021-11-17 03:23:27+00:00,132
1460720602713628673,@JasmijnF1 ğŸ’,68,2021-11-16 21:25:05+00:00,0
1460718521881608192,"Mirror, mirror. ğŸª

Night times at the MTCâ€¦ âœ¨ https://t.co/gTgWNClCsM",6681,2021-11-16 21:16:49+00:00,278
1460679126008930315,"Ever wondered what caused todayâ€™s steering wheels to look the way they do? Listen to how telemetry, the transmission of data to and from the car, has evolved over time and the effect itâ€™s had over the sport. 

Learn more in our latest episode of #SplunkArtOfData.ğŸ‘‡ @Splunk",2955,2021-11-16 18:40:16+00:00,128
1460642440810008582,"@norris_italy Youâ€™re definitely not on your own there, Ale! ğŸ§¡",386,2021-11-16 16:14:29+00:00,3
1460638226042044422,@norris_italy Can relate. ğŸ˜…,305,2021-11-16 15:57:45+00:00,3
1460636390555852806,"The sound thoughâ€¦ ğŸ”ŠğŸ¤¤

https://t.co/a87ltD6qQH",1960,2021-11-16 15:50:27+00:00,108
1460619536764444692,"ğŸ‘‹ @LandoNorris, @DanielRicciardo. 

#QatarGP ğŸ‡¶ğŸ‡¦ https://t.co/t1ZPY1Hvwc",14148,2021-11-16 14:43:29+00:00,328
1460616058952462337,"@f1yas Thank you for supporting such a great cause, Yasemin! ğŸ§¡",14,2021-11-16 14:29:40+00:00,0
1460615564318154757,"@Aimee_J_ Thank you for sending them in, Aimee! ğŸ§¡",5,2021-11-16 14:27:42+00:00,0
1460609286829182978,"#TheFifthDriver has answered your questions! ğŸ’¬

Check out all the McLaren fan questions and answers from the #BrazilGP.ğŸ‘‡",2248,2021-11-16 14:02:45+00:00,57
1460575454365167616,"Taking tips from @F1MikaHakkinen and then driving his Championship-winning car? 

Pretty cool, @PatricioOWard. ğŸ¤© @VelocityInv https://t.co/0T8e7YHGgo",4822,2021-11-16 11:48:19+00:00,187
1460551787979677696,"Touched down somewhere new. ğŸ‡¶ğŸ‡¦ğŸ‘€

Letâ€™s get back to work. ğŸ’ª 

#QatarGP https://t.co/H3WPeyYJHq",7718,2021-11-16 10:14:16+00:00,199
1460321111141462019,"A drama-filled weekend on track and on social media! ğŸğŸ“²

We've pulled together some of your best Tweets from the #BrazilGP here. ğŸ‘‡",4691,2021-11-15 18:57:39+00:00,115
1460251413108432897,"#BrazilGP wallpapers for your phone are here!ğŸ“±ğŸ‡§ğŸ‡·

More sizes. ğŸ‘‰ https://t.co/f6bFb1irUq https://t.co/6KRvd5bgMD",5141,2021-11-15 14:20:41+00:00,249
1460227006289915908,McLaren Group statement.,27551,2021-11-15 12:43:42+00:00,2909
1460216078135607300,"This is McLaren Racing Engage! ğŸ™Œ

Our strategic alliance with @SmallpieceTrust, @EqualEngineers, @WES1919 and @_CreativeAccess will help us to drive forward a programme of initiatives to diversify talent in motorsport.

Find out more about McLaren Racing Engage here. ğŸ‘‡",2023,2021-11-15 12:00:17+00:00,80
1460024921355137026,"Weâ€™ve said it before and weâ€™ll say it againâ€¦ the best fans in the game! ğŸ§¡

Thank you for your support in Brazil and from around the world, team. ğŸŒ 

#FansLikeNoOther #BrazilGP ğŸ‡§ğŸ‡· https://t.co/OldG2WUcIK",6373,2021-11-14 23:20:41+00:00,202
1459999788506787845,"It simply wasn't to be for the team at the #BrazilGP. ğŸ‡§ğŸ‡·

""We'll continue to work hard, and look forward to going again with some exciting new races."" ğŸ‘‡",4123,2021-11-14 21:40:49+00:00,107
1459994600555307011,"A tough day at the office for @LandoNorris. 

Weâ€™ll bounce back! ğŸ§¡

#BrazilGP ğŸ‡§ğŸ‡· https://t.co/jkCp2v9Hhl",8753,2021-11-14 21:20:12+00:00,462
1459977720876650500,"Not the way we all wanted @DanielRicciardoâ€™s #BrazilGP to end. ğŸ‡§ğŸ‡·

Keep smiling. ğŸ§¡ https://t.co/Wnh25mFsz9",7259,2021-11-14 20:13:08+00:00,318
1459973990886387722,"@tomdabs Weâ€™ll see you there, Tom! How exciting! ğŸ§¡",7,2021-11-14 19:58:19+00:00,0
1459960468949417996,"@Smoke_N_Motors We wonâ€™t give up the fight, Clive! ğŸ§¡",29,2021-11-14 19:04:35+00:00,2
1459960318692630539,"@GBrown84 Your support means so much, Gemma. Thank you. ğŸ§¡",10,2021-11-14 19:03:59+00:00,1
1459960138278780934,@PapayaCannon Weâ€™ll keep fighting! ğŸ§¡,3,2021-11-14 19:03:16+00:00,0
1459953755353497605,"Thatâ€™s it for the #BrazilGP. ğŸ‡§ğŸ‡·ğŸ

Lando does well to score a point for the team, fighting through the field after a puncture on lap 1. 

NOR ğŸ‡¬ğŸ‡§ P10
RIC ğŸ‡¦ğŸ‡º DNF

Still three races to go. Weâ€™re never giving up. ğŸ‘Š https://t.co/W5BNQjJ1lG",6441,2021-11-14 18:37:54+00:00,289
1459952976190181377,"@DR3Lau Thank you for your support, Lau. ğŸ§¡",30,2021-11-14 18:34:48+00:00,1
1459950308541575176,"Letâ€™s all get behind @LandoNorris. ğŸ‘Š

Fighting hard to salvage all the points he can for the team, following Danielâ€™s unfortunate retirement.

NOR ğŸ‡¬ğŸ‡§ P10
RIC ğŸ‡¦ğŸ‡º OUT

#BrazilGP ğŸ‡§ğŸ‡· [Lap 62/71] https://t.co/361pvmz6MX",5308,2021-11-14 18:24:12+00:00,179
1459947951799914506,"Heartbreak in Brazil. ğŸ’”

Unfortunately, the team have been forced to retire Danielâ€™s car due to power loss. 

#BrazilGP ğŸ‡§ğŸ‡· [Lap 51/71] https://t.co/16uiB8sf40",16055,2021-11-14 18:14:50+00:00,720
1459945313712713731,"@Hannah98banana2 These are amazing, Hannah! They look great! ğŸ§¡",14,2021-11-14 18:04:21+00:00,0
1459943499546169348,"Lando pits for a second time.

Itâ€™s a fresh set of Hards.

#BrazilGP ğŸ‡§ğŸ‡· [Lap 39/71] https://t.co/QGSzn7TPHA",2786,2021-11-14 17:57:09+00:00,72
1459943462208479235,"@PamFurquim Great picture, Pam! ğŸ§¡",1,2021-11-14 17:57:00+00:00,0
1459941225092595712,"Virtual Safety Car ğŸŸ¡ due to more debris on the track, which has since ended. ğŸŸ¢

DR pits and switches to the Hard tyre. Solid stop, team. ğŸ‘Š 

#BrazilGP ğŸ‡§ğŸ‡· [Lap 31/71] https://t.co/G4ExJCSeUp",1869,2021-11-14 17:48:07+00:00,50
1459938114999304200,"DR makes it stick this time with an overtake on VET. 

He moves up to P8. ğŸ‘ 

Keep pushing, team. 

#BrazilGP ğŸ‡§ğŸ‡· [Lap 24/71]",2414,2021-11-14 17:35:45+00:00,64
1459936661492715524,"Canâ€™t take your eyes off this one so far. ğŸ˜³

#BrazilGP ğŸ‡§ğŸ‡·",4507,2021-11-14 17:29:59+00:00,133
1459935910527647746,Lando overtakes MAZ and is now in P14. ğŸ‘Š,851,2021-11-14 17:27:00+00:00,19
1459935696542748675,"We are racing again as the VSC ends. ğŸŸ¢

Time to #SendIt. ğŸ˜¤ 

RIC ğŸ‡¦ğŸ‡º P9
NOR ğŸ‡¬ğŸ‡§ P15

#BrazilGP ğŸ‡§ğŸ‡· [Lap 16/71] https://t.co/c6k77qhn6B",2229,2021-11-14 17:26:09+00:00,68
1459934635710943239,VSC off the restart due to more debris on the circuit. ğŸŸ¡,692,2021-11-14 17:21:56+00:00,13
1459933841028796424,"We are racing again! ğŸŸ¢

Lando has gained three places back already. ğŸ‘",1025,2021-11-14 17:18:46+00:00,24
1459933256024047620,The Safety Car will come in this lap.,494,2021-11-14 17:16:27+00:00,17
1459932970337325063,"Safety Car is deployed due to debris on the track at turn 1. ğŸŸ¡

Drivers have been asked to drive down the pit-lane for the track to be cleared.

#BrazilGP ğŸ‡§ğŸ‡· [Lap 9/71] https://t.co/9WTYMv3Q56",2251,2021-11-14 17:15:19+00:00,63
1459931010246885376,"Lando switches to the Hard tyre after suffering a puncture and heads back out to chase down the pack. 

#BrazilGP ğŸ‡§ğŸ‡· [Lap 3/71] https://t.co/wvnWDp5s0K",2586,2021-11-14 17:07:31+00:00,89
1459930356514271238,"We are racing! 

It looks like Lando has damage after contact going into the first corner. ğŸ’” 

#BrazilGP ğŸ‡§ğŸ‡· [Lap 1/71]",3976,2021-11-14 17:04:55+00:00,114
1459927308559691782,"@GBrown84 Enjoy the race, Gemma! ğŸ§¡",4,2021-11-14 16:52:49+00:00,0
1459927189953130497,"@ivanlda Full send today, Ivan! Letâ€™s get it! ğŸ§¡",18,2021-11-14 16:52:20+00:00,1
1459926902806925320,@Gray_Ground99 This is such an awesome picture! ğŸ˜ğŸ§¡,4,2021-11-14 16:51:12+00:00,1
1459926800797208583,"@cravinyourlovin Enjoy the race, Georgina! Sounds like youâ€™ve finished work just in time! ğŸ§¡",1,2021-11-14 16:50:48+00:00,0
1459926600070287368,"Here's what we've all been waiting for. ğŸ¤©

The #BrazilGP is moments away! ğŸ‡§ğŸ‡·

Don't miss out on the action. ğŸ‘‡",2006,2021-11-14 16:50:00+00:00,83
1459924361826160648,RT @_matheusl22: DIA DE GP DO BRASIL ğŸ™…ğŸ»â€â™‚ï¸ @McLarenF1 ğŸ§¡ #NovaFotoDoPerfil https://t.co/O2qLeF3diN,0,2021-11-14 16:41:06+00:00,8
1459924208918663176,RT @GingeCol17: @McLarenF1 @danielricciardo Yep sat ready to cheer you @McLarenF1 boys on from my sofa in Devon go @LandoNorris go @danielrâ€¦,0,2021-11-14 16:40:30+00:00,5
1459923935076700162,"@fewawi_fwiends Sorry to hear that youâ€™re not feeling well, Livia. Get well soon! ğŸ§¡",27,2021-11-14 16:39:24+00:00,0
1459923657833254932,RT @Jengo37: @McLarenF1 @LandoNorris Go Lando! Lando Bear is cheering you on from Manchester Airport! https://t.co/zLX6TUyilZ,0,2021-11-14 16:38:18+00:00,13
1459923432045486080,"RT @McLarenFamily: Just 30 minutes until lights out.
Good luck @McLarenF1, @danielricciardo, @LandoNorris you've got this!
#SendIt #BrazilGâ€¦",0,2021-11-14 16:37:24+00:00,21
1459922705835249664,"RT @minimadclaire: Ready to cheer on @McLarenF1 from a sunny Brisbane. Go well in Brazil team, full send ğŸ‘ŠğŸ§¡ @LandoNorris @danielricciardo @â€¦",0,2021-11-14 16:34:31+00:00,8
1459921759923318784,RT @dylandefenss: hey @McLarenF1 ğŸ§¡ğŸ§¡ğŸ§¡ https://t.co/Yu5cIAfMlf,0,2021-11-14 16:30:46+00:00,65
1459919859735842820,"Suiting up. ğŸ‘Š 

#BrazilGP ğŸ‡§ğŸ‡· https://t.co/x7mPEixMxk",7677,2021-11-14 16:23:13+00:00,298
1459919465110454283,"ğŸ‘ğŸ¯ğŸ¦¡ 

#BrazilGP ğŸ‡§ğŸ‡· https://t.co/a63wtk6IMV",8222,2021-11-14 16:21:39+00:00,321
1459918332631597062,"@Sareyware Love this picture, Sarah! ğŸ˜ğŸ§¡",6,2021-11-14 16:17:09+00:00,0
1459917799221084162,"Almost showtime, McLaren fans. ğŸ™Œ

#BrazilGP ğŸ‡§ğŸ‡· https://t.co/i7TqIq51Pi",5332,2021-11-14 16:15:01+00:00,204
1459917589509984257,"@jon_rolfes Almost, Jon! ğŸ§¡",1,2021-11-14 16:14:11+00:00,0
1459917384211480583,@Phillip32512 Thatâ€™s pretty cool! ğŸ§¡,1,2021-11-14 16:13:23+00:00,0
1459917266175283204,"@JeffreyNKirk Enjoy the race, Jeff! ğŸ§¡",10,2021-11-14 16:12:54+00:00,0
1459916043158175752,"Back from the driversâ€™ parade. ğŸ‘‹ 

The atmosphere is building! Not long until we race at a sun-soaked Interlagos. ğŸ‡§ğŸ‡·

#BrazilGP https://t.co/fSTgLLfh9J",2969,2021-11-14 16:08:03+00:00,147
1459909131960209413,"Thank you, McLaren fans. ğŸ§¡

Youâ€™ve been great all week, but today is when the team want to hear you most. ğŸ™Œ 

Also, letâ€™s find who caught DRâ€™s hat. ğŸ§¢ğŸ˜…

#FansLikeNoOther https://t.co/NTODTd4Wxv",6155,2021-11-14 15:40:35+00:00,207
1459896682230038531,"Itâ€™s race day and the sun is out in SÃ£o Paulo. â˜€ï¸ 

Teams expect higher track temperatures for todayâ€™s #BrazilGP. ğŸ‡§ğŸ‡· https://t.co/9HTCoBSwmI",4219,2021-11-14 14:51:07+00:00,160
1459892612333195275,@landan_43 That would be perfect! ğŸ§¡,12,2021-11-14 14:34:56+00:00,0
1459892524575825929,@fafneri Weâ€™d love one! ğŸ§¡,3,2021-11-14 14:34:36+00:00,0
1459892329377148928,"@debbienando14 Arenâ€™t they cool, Debbie? ğŸ˜ğŸ§¡",6,2021-11-14 14:33:49+00:00,0
1459888505304322048,"We want those shoes too, @LandoNorris.ğŸ‘ŸğŸ¨

Watch Lando as he reviews some incredible fan art, now on YouTube.ğŸ‘‡",2705,2021-11-14 14:18:37+00:00,95
1459881773303832579,"Can this be an event please, @Olympics? ğŸ‘€",5846,2021-11-14 13:51:52+00:00,87
1459880729828077569,"Same again today, @MercedesAMGF1? ğŸ¥µğŸ˜…

 https://t.co/xOxAStQfoR",26687,2021-11-14 13:47:43+00:00,1105
1459874643578400769,"Enjoy it out there, @ValeYellow46.

#GrazieVale https://t.co/TvMbWet1LL",11748,2021-11-14 13:23:32+00:00,669
1459866293931233280,"@_emmp_ Merci, Emma! ğŸ§¡",4,2021-11-14 12:50:22+00:00,2
1459863824853573633,"@anapaulabertuol Enjoy it, Ana! ğŸ§¡",14,2021-11-14 12:40:33+00:00,0
1459862652474298372,@LKlattborg Itâ€™s our home! ğŸ§¡,7,2021-11-14 12:35:53+00:00,0
1459862369786552324,"@minimadclaire Hopefully you avoid any spoilers, Claire! ğŸ§¡",10,2021-11-14 12:34:46+00:00,1
1459860514054578177,"@OneEyesOfRacing Thatâ€™s a great way to watch the race, Tony! ğŸ§¡",1,2021-11-14 12:27:24+00:00,0
1459860372559732737,"@Glennhu34117880 We hope you get a lie in tomorrow, Glenn! ğŸ˜´ğŸ§¡",0,2021-11-14 12:26:50+00:00,0
1459860188308164610,"@alasdairmulhern Will you be catching up later, Alasdair? ğŸ§¡",6,2021-11-14 12:26:06+00:00,0
1459860024826736645,"@bethritchiexxx Letâ€™s do it, Bethany! Where will you be watching from? ğŸ§¡",1,2021-11-14 12:25:27+00:00,0
1459859888755159041,"@debp128 A super early wake up call for you, Deb! ğŸ§¡",1,2021-11-14 12:24:55+00:00,0
1459859734459256833,"@formulacyan Where will you be watching from, Silje? ğŸŒğŸ§¡",0,2021-11-14 12:24:18+00:00,0
1459859386625630209,@MondoMcLaren Ciao! ğŸ‘‹ğŸ§¡,12,2021-11-14 12:22:55+00:00,0
1459859287333814278,"@MissJessicaa_xx Thatâ€™s very early, Jess! ğŸ§¡",3,2021-11-14 12:22:31+00:00,0
1459857640532676613,"@sarah_hrnch Thank you, Sarah! Full send today! ğŸ§¡",16,2021-11-14 12:15:59+00:00,0
1459857067280371716,"@SchmidtsTom They didnâ€™t see us coming, Tom! ğŸ§¡",44,2021-11-14 12:13:42+00:00,1
1459856947403014145,"Timings for the #BrazilGP today. ğŸ‡§ğŸ‡·

@Richard_Mille  

See you there, McLaren fans! ğŸ§¡ https://t.co/ZTh4hhenP5",2399,2021-11-14 12:13:13+00:00,88
1459855433913585667,"@_shreeya_singh_ Thatâ€™s commitment, Shreeya! ğŸ§¡",2,2021-11-14 12:07:12+00:00,0
1459838672350625796,"11:00 

Lest we forget. ğŸ§¡ 

#RemembranceSunday",7460,2021-11-14 11:00:36+00:00,254
1459671874028326918,#SennaSempre ğŸ‡§ğŸ‡·ğŸ§¡ https://t.co/xvZMMEB9Ec,6908,2021-11-13 23:57:48+00:00,490
1459658846843121666,"@EmmaRaducanu Happy birthday, Emma! ğŸ¥³ğŸ§¡",711,2021-11-13 23:06:02+00:00,13
1459658348207517698,"Hear from Lando, Daniel and Team Principal Andreas Seidl after Sprint Qualifying for the #BrazilGP. ğŸ‡§ğŸ‡·ğŸ‘‡",2817,2021-11-13 23:04:04+00:00,93
1459650036359385095,Tastes good. ğŸ‘ https://t.co/igcLLvpx56,1926,2021-11-13 22:31:02+00:00,28
1459634831722258432,"How about that for a battle? âš”ï¸ 

See you on track tomorrow, @ScuderiaFerrari. ğŸ¤

#BrazilGP ğŸ‡§ğŸ‡· https://t.co/GgGYcYVEmO",12291,2021-11-13 21:30:37+00:00,442
1459622544064008205,"So Lando, talk to us about that overtakeâ€¦ we could watch it back all day. ğŸ˜

#BrazilGP ğŸ‡§ğŸ‡· #F1Sprint https://t.co/flJZQOVsIE",10290,2021-11-13 20:41:47+00:00,407
1459616858454249475,"Time to focus on scoring maximum points in tomorrowâ€™s #BrazilGP. ğŸ‡§ğŸ‡·

Recharge and go again, team. ğŸ‘Š

#F1Sprint https://t.co/6pRhM8lLJn",4888,2021-11-13 20:19:12+00:00,175
1459616065177243649,"A birthday smile for the TV cameras. ğŸ‘‹

#BrazilGP ğŸ‡§ğŸ‡· #F1Sprint https://t.co/lqmwB2jpxI",13432,2021-11-13 20:16:02+00:00,563
1459613018589904902,"The #F1Sprint in SÃ£o Paulo is over. ğŸ‡§ğŸ‡·

We take the chequered flag. ğŸ

NOR ğŸ‡¬ğŸ‡§ P6
RIC ğŸ‡¦ğŸ‡º P11

#BrazilGP [Lap 23/23] https://t.co/yLj4gR5d45",4411,2021-11-13 20:03:56+00:00,249
1459609738778497030,"Over halfway through the #F1Sprint. 

Letâ€™s keep pushing, team. 

NOR ğŸ‡¬ğŸ‡§ P5
RIC ğŸ‡¦ğŸ‡º P11

#BrazilGP ğŸ‡§ğŸ‡· [Lap 15/24] https://t.co/bOFzv0FQzz",2101,2021-11-13 19:50:54+00:00,89
1459608526062555140,"Thatâ€™s the spirit, team. ğŸ‘Š

#SendIt https://t.co/N02S1PZre5",1476,2021-11-13 19:46:05+00:00,49
1459607926088343555,"Lovely racing, @LandoNorris. ğŸ‘ 

Great overtake on LEC to go up to P5. 

#BrazilGP ğŸ‡§ğŸ‡· #F1Sprint [Lap 9/23]",6475,2021-11-13 19:43:42+00:00,228
1459605266031333382,"Lights out! Weâ€™re sprinting in Brazil. 

NOR ğŸ‡¬ğŸ‡§ starts in P7.
RIC ğŸ‡¦ğŸ‡º starts in P8.

#BrazilGP ğŸ‡§ğŸ‡· #F1Sprint [Lap 1/23]",1529,2021-11-13 19:33:08+00:00,51
1459603055154970626,"Ready to rock. ğŸ™Œ

#BrazilGP ğŸ‡§ğŸ‡· #F1Sprint https://t.co/mfx7t6b7Zs",3756,2021-11-13 19:24:21+00:00,180
1459601439697817609,"Letâ€™s go, DR. ğŸ‘Š

#BrazilGP ğŸ‡§ğŸ‡· #F1Sprint https://t.co/96stsRqweV",6491,2021-11-13 19:17:55+00:00,218
